{"model": "Pipeline(steps=[('extract', EntityExtractor()),\n                ('vectorize',\n                 TfidfVectorizer(lowercase=False,\n                                 tokenizer=<function identity at 0x7f77a420f3a0>)),\n                ('classifier', LogisticRegression())])", "name": "LogisticRegression", "accuracy": [0.568, 0.544, 0.504, 0.4435483870967742, 0.47580645161290325], "precision": [0.6985933424532604, 0.6730909090909091, 0.6594451244390045, 0.6292981212336052, 0.4680443548387097], "recall": [0.568, 0.544, 0.504, 0.4435483870967742, 0.47580645161290325], "f1": [0.5319299360386655, 0.4885577883327244, 0.4757539571228211, 0.4124981360902629, 0.431006211963548], "time": [55.534674644470215, 55.06154751777649, 55.14002704620361, 55.00836181640625, 55.43509340286255]}
{"model": "Pipeline(steps=[('extract', EntityExtractor()),\n                ('vectorize',\n                 TfidfVectorizer(lowercase=False,\n                                 tokenizer=<function identity at 0x7f77a420f3a0>)),\n                ('classifier', SGDClassifier())])", "name": "SGDClassifier", "accuracy": [0.696, 0.608, 0.64, 0.6451612903225806, 0.6370967741935484], "precision": [0.6985953917050691, 0.5996915360501568, 0.6663928455284552, 0.6460364858235889, 0.6429510155316607], "recall": [0.696, 0.608, 0.64, 0.6451612903225806, 0.6370967741935484], "f1": [0.682862482546693, 0.5908822288278837, 0.6390670128886932, 0.6376713623738415, 0.6295839399049314], "time": [55.923229932785034, 55.01862454414368, 55.24963164329529, 55.58160853385925, 55.19642925262451]}
{"model": "Pipeline(steps=[('extract', EntityExtractor()),\n                ('vectorize',\n                 TfidfVectorizer(lowercase=False,\n                                 tokenizer=<function identity at 0x7f77a420f3a0>)),\n                ('classifier', MultinomialNB())])", "name": "MultinomialNB", "accuracy": [0.488, 0.544, 0.592, 0.45161290322580644, 0.3870967741935484], "precision": [0.5765421245421246, 0.6493954780851333, 0.7185296703296703, 0.5814981389578163, 0.3359660791486531], "recall": [0.488, 0.544, 0.592, 0.45161290322580644, 0.3870967741935484], "f1": [0.4414999805500447, 0.48949831175195174, 0.5496418230161405, 0.4205036045104709, 0.3075283779877904], "time": [57.003992319107056, 55.49895238876343, 55.137749910354614, 55.43495988845825, 56.094533920288086]}
