{"model": "Pipeline(steps=[('normalize', TextNormalizer(language=None)),\n                ('vectorize',\n                 TfidfVectorizer(lowercase=False,\n                                 tokenizer=<function identity at 0x7f1a3a94aaf0>)),\n                ('reduction', TruncatedSVD(n_components=10000)),\n                ('classifier', LogisticRegression())])", "name": "LogisticRegression (TruncatedSVD)", "accuracy": [0.688, 0.744, 0.688, 0.6935483870967742, 0.6290322580645161], "precision": [0.7200089635854341, 0.8090947368421052, 0.76557444894287, 0.7941460069301213, 0.74816715542522], "recall": [0.688, 0.744, 0.688, 0.6935483870967742, 0.6290322580645161], "f1": [0.6724814417243127, 0.7308795382395383, 0.6726292141648655, 0.6781922456635197, 0.5872134615034335], "time": [85.767911195755, 66.83067917823792, 63.28720474243164, 61.54296565055847, 61.155107498168945]}
{"model": "Pipeline(steps=[('normalize', TextNormalizer(language=None)),\n                ('vectorize',\n                 TfidfVectorizer(lowercase=False,\n                                 tokenizer=<function identity at 0x7f1a3a94aaf0>)),\n                ('classifier', LogisticRegression())])", "name": "LogisticRegression", "accuracy": [0.824, 0.76, 0.736, 0.5887096774193549, 0.6129032258064516], "precision": [0.8673882352941177, 0.8410373205741626, 0.7427854725919242, 0.738518227360769, 0.7619963369963371], "recall": [0.824, 0.76, 0.736, 0.5887096774193549, 0.6129032258064516], "f1": [0.8164602687597883, 0.7403631531259439, 0.7152102900364586, 0.5687017353373413, 0.6017672518388568], "time": [3.8541104793548584, 3.0914604663848877, 3.0841312408447266, 3.393489122390747, 3.393721103668213]}
{"model": "Pipeline(steps=[('normalize', TextNormalizer(language=None)),\n                ('vectorize',\n                 TfidfVectorizer(lowercase=False,\n                                 tokenizer=<function identity at 0x7f1a3a94aaf0>)),\n                ('reduction', TruncatedSVD(n_components=10000)),\n                ('classifier', SGDClassifier())])", "name": "SGDClassifier (TruncatedSVD)", "accuracy": [0.744, 0.696, 0.856, 0.782258064516129, 0.7903225806451613], "precision": [0.7843529411764706, 0.8030514748409484, 0.8674857142857143, 0.8164362519201229, 0.8267599602565039], "recall": [0.744, 0.696, 0.856, 0.782258064516129, 0.7903225806451613], "f1": [0.7494948567187373, 0.6941888053467, 0.8457185290879262, 0.7854539099171078, 0.7764814625224953], "time": [62.884790658950806, 61.86917972564697, 67.27625060081482, 65.07886052131653, 63.876014709472656]}
{"model": "Pipeline(steps=[('normalize', TextNormalizer(language=None)),\n                ('vectorize',\n                 TfidfVectorizer(lowercase=False,\n                                 tokenizer=<function identity at 0x7f1a3a94aaf0>)),\n                ('classifier', SGDClassifier())])", "name": "SGDClassifier", "accuracy": [0.856, 0.824, 0.856, 0.8064516129032258, 0.7741935483870968], "precision": [0.865061767650003, 0.836631233998976, 0.8633159991432856, 0.8243804902838613, 0.7920427959137636], "recall": [0.856, 0.824, 0.856, 0.8064516129032258, 0.7741935483870968], "f1": [0.8563902563045421, 0.8252971625460475, 0.8543110009030936, 0.8067887889045383, 0.7730691119186336], "time": [2.459789991378784, 2.376209020614624, 2.369971752166748, 2.3703298568725586, 2.374093532562256]}
{"model": "Pipeline(steps=[('normalize', TextNormalizer(language=None)),\n                ('vectorize',\n                 TfidfVectorizer(lowercase=False,\n                                 tokenizer=<function identity at 0x7f1a3a94aaf0>)),\n                ('classifier', MultinomialNB())])", "name": "MultinomialNB", "accuracy": [0.472, 0.544, 0.568, 0.5967741935483871, 0.6048387096774194], "precision": [0.6055744680851064, 0.7342790697674418, 0.66191215526047, 0.735428253615128, 0.7116698292220114], "recall": [0.472, 0.544, 0.568, 0.5967741935483871, 0.6048387096774194], "f1": [0.41422357177445485, 0.5027111933719122, 0.5173079365079366, 0.5429322608429885, 0.5628603792083355], "time": [2.332777500152588, 2.278984308242798, 2.3979947566986084, 2.2840371131896973, 2.3187484741210938]}
{"model": "Pipeline(steps=[('normalize', TextNormalizer(language=None)),\n                ('vectorize',\n                 TfidfVectorizer(lowercase=False,\n                                 tokenizer=<function identity at 0x7f1a3a94aaf0>)),\n                ('reduction', TruncatedSVD(n_components=10000)),\n                ('classifier', GaussianNB())])", "name": "GaussianNB (TruncatedSVD)", "accuracy": [0.32, 0.312, 0.328, 0.3548387096774194, 0.3790322580645161], "precision": [0.4507191283292978, 0.3016484602867582, 0.7480275862068966, 0.45848087961840084, 0.532258064516129], "recall": [0.32, 0.312, 0.328, 0.3548387096774194, 0.3790322580645161], "f1": [0.22629007563434517, 0.20623523685669148, 0.31777978685358704, 0.24177601072762364, 0.3013440860215054], "time": [62.9836483001709, 61.57741737365723, 66.75624632835388, 63.7167112827301, 62.9508900642395]}
